"pathway1"	"pathway2"
"3"	"APOPTOSIS"	"INTRINSIC_PATHWAY_FOR_APOPTOSIS"
"8"	"DNA_DAMAGE_BYPASS"	"TRANSLESION_SYNTHESIS_BY_Y_FAMILY_DNA_POLYMERASES_BYPASSES_LESIONS_ON_DNA_TEMPLATE"
"17"	"RESOLUTION_OF_ABASIC_SITES_AP_SITES"	"RESOLUTION_OF_AP_SITES_VIA_THE_MULTIPLE_NUCLEOTIDE_PATCH_REPLACEMENT_PATHWAY"
"18"	"RESOLUTION_OF_ABASIC_SITES_AP_SITES"	"RESOLUTION_OF_AP_SITES_VIA_THE_SINGLE_NUCLEOTIDE_REPLACEMENT_PATHWAY"
"26"	"CYTOCHROME_C_MEDIATED_APOPTOTIC_RESPONSE"	"FORMATION_OF_APOPTOSOME"
"28"	"APOPTOTIC_FACTOR_MEDIATED_RESPONSE"	"CYTOCHROME_C_MEDIATED_APOPTOTIC_RESPONSE"
"31"	"APOPTOTIC_EXECUTION_PHASE"	"APOPTOTIC_CLEAVAGE_OF_CELLULAR_PROTEINS"
"32"	"APOPTOTIC_FACTOR_MEDIATED_RESPONSE"	"SMAC,_XIAP_REGULATED_APOPTOTIC_RESPONSE"
"33"	"INTRINSIC_PATHWAY_FOR_APOPTOSIS"	"APOPTOTIC_FACTOR_MEDIATED_RESPONSE"
"34"	"G_ALPHA_I_SIGNALLING_EVENTS"	"OPIOID_SIGNALLING"
"40"	"PLC_BETA_MEDIATED_EVENTS"	"CA_DEPENDENT_EVENTS"
"43"	"OPIOID_SIGNALLING"	"G_PROTEIN_MEDIATED_EVENTS"
"48"	"NEURONAL_SYSTEM"	"TRANSMISSION_ACROSS_ELECTRICAL_SYNAPSES_"
"50"	"TRANSMISSION_ACROSS_CHEMICAL_SYNAPSES"	"NEUROTRANSMITTER_RELEASE_CYCLE"
"52"	"TRANSMISSION_ACROSS_CHEMICAL_SYNAPSES"	"NEUROTRANSMITTER_UPTAKE_AND_METABOLISM_IN_GLIAL_CELLS"
"54"	"NEURONAL_SYSTEM"	"TRANSMISSION_ACROSS_CHEMICAL_SYNAPSES"
"58"	"MAPK1/MAPK3_SIGNALING"	"RAF_INDEPENDENT_MAPK1/3_ACTIVATION"
"64"	"G1/S_TRANSITION"	"E2F_MEDIATED_REGULATION_OF_DNA_REPLICATION"
"66"	"INTRINSIC_PATHWAY_FOR_APOPTOSIS"	"ACTIVATION_OF_BH3_ONLY_PROTEINS"
"67"	"G_ALPHA_Q_SIGNALLING_EVENTS"	"EFFECTS_OF_PIP2_HYDROLYSIS"
"68"	"PLATELET_ACTIVATION,_SIGNALING_AND_AGGREGATION"	"EFFECTS_OF_PIP2_HYDROLYSIS"
"72"	"SIGNALING_BY_THE_B_CELL_RECEPTOR_BCR_"	"DOWNSTREAM_SIGNALING_EVENTS_OF_B_CELL_RECEPTOR_BCR_"
"76"	"INTERFERON_SIGNALING"	"ANTIVIRAL_MECHANISM_BY_IFN_STIMULATED_GENES"
"78"	"DEVELOPMENTAL_BIOLOGY"	"SIGNALING_BY_NODAL"
"79"	"REPRODUCTION"	"FERTILIZATION"
"83"	"INFECTION_WITH_MYCOBACTERIUM_TUBERCULOSIS"	"LATENT_INFECTION___OTHER_RESPONSES_OF_MTB_TO_PHAGOCYTOSIS"
"86"	"INNATE_IMMUNE_SYSTEM"	"ROS_AND_RNS_PRODUCTION_IN_PHAGOCYTES"
"88"	"SIGNALING_BY_RECEPTOR_TYROSINE_KINASES"	"SIGNALING_BY_ERBB2"
"89"	"DISEASES_OF_SIGNAL_TRANSDUCTION_BY_GROWTH_FACTOR_RECEPTORS_AND_SECOND_MESSENGERS"	"SIGNALING_BY_ERBB2_IN_CANCER"
"91"	"CELLULAR_RESPONSES_TO_STRESS"	"CELLULAR_RESPONSE_TO_HYPOXIA"
"94"	"SIGNALING_BY_RECEPTOR_TYROSINE_KINASES"	"SIGNALING_BY_ERBB4"
"97"	"CLASS_I_MHC_MEDIATED_ANTIGEN_PROCESSING_PRESENTATION"	"ANTIGEN_PROCESSING_CROSS_PRESENTATION"
"109"	"INTRACELLULAR_SIGNALING_BY_SECOND_MESSENGERS"	"PIP3_ACTIVATES_AKT_SIGNALING"
"112"	"IMMUNE_SYSTEM"	"CYTOKINE_SIGNALING_IN_IMMUNE_SYSTEM"
"113"	"IMMUNE_SYSTEM"	"ADAPTIVE_IMMUNE_SYSTEM"
"122"	"INWARDLY_RECTIFYING_K+_CHANNELS"	"G_PROTEIN_GATED_POTASSIUM_CHANNELS"
"124"	"POTASSIUM_CHANNELS"	"INWARDLY_RECTIFYING_K+_CHANNELS"
"126"	"NEURONAL_SYSTEM"	"POTASSIUM_CHANNELS"
"128"	"POTASSIUM_CHANNELS"	"TANDEM_PORE_DOMAIN_POTASSIUM_CHANNELS"
"142"	"METABOLISM"	"MITOCHONDRIAL_IRON_SULFUR_CLUSTER_BIOGENESIS"
"151"	"PHASE_I___FUNCTIONALIZATION_OF_COMPOUNDS"	"AMINE_OXIDASE_REACTIONS"
"154"	"CASPASE_ACTIVATION_VIA_EXTRINSIC_APOPTOTIC_SIGNALLING_PATHWAY"	"CASPASE_ACTIVATION_VIA_DEATH_RECEPTORS_IN_THE_PRESENCE_OF_LIGAND"
"158"	"HEMOSTASIS"	"FORMATION_OF_FIBRIN_CLOT_CLOTTING_CASCADE"
"163"	"MITOTIC_SPINDLE_CHECKPOINT"	"AMPLIFICATION_OF_SIGNAL_FROM_THE_KINETOCHORES"
"167"	"SIGNALING_BY_RECEPTOR_TYROSINE_KINASES"	"SIGNALING_BY_SCF_KIT"
"173"	"ANTIMICROBIAL_PEPTIDES"	"DEFENSINS"
"176"	"EXTRACELLULAR_MATRIX_ORGANIZATION"	"DEGRADATION_OF_THE_EXTRACELLULAR_MATRIX"
"179"	"TRANSPORT_OF_SMALL_MOLECULES"	"O2/CO2_EXCHANGE_IN_ERYTHROCYTES"
"197"	"PHOSPHOLIPID_METABOLISM"	"GLYCEROPHOSPHOLIPID_BIOSYNTHESIS"
"201"	"METABOLISM"	"INOSITOL_PHOSPHATE_METABOLISM"
"202"	"PHOSPHOLIPID_METABOLISM"	"PI_METABOLISM"
"205"	"CELL_CYCLE"	"MEIOSIS"
"206"	"REPRODUCTION"	"MEIOSIS"
"207"	"SIGNALING_BY_TGFB_FAMILY_MEMBERS"	"SIGNALING_BY_ACTIVIN"
"208"	"MITOTIC_G1_PHASE_AND_G1/S_TRANSITION"	"G0_AND_EARLY_G1"
"209"	"BIOLOGICAL_OXIDATIONS"	"PHASE_II___CONJUGATION_OF_COMPOUNDS"
"214"	"PHASE_II___CONJUGATION_OF_COMPOUNDS"	"GLUCURONIDATION"
"215"	"PHASE_II___CONJUGATION_OF_COMPOUNDS"	"GLUTATHIONE_CONJUGATION"
"216"	"EXTRACELLULAR_MATRIX_ORGANIZATION"	"ELASTIC_FIBRE_FORMATION"
"220"	"TRANSLATION"	"EUKARYOTIC_TRANSLATION_ELONGATION"
"223"	"CHROMOSOME_MAINTENANCE"	"TELOMERE_MAINTENANCE"
"224"	"MEMBRANE_TRAFFICKING"	"GAP_JUNCTION_TRAFFICKING_AND_REGULATION"
"225"	"METABOLISM"	"METABOLISM_OF_NUCLEOTIDES"
"226"	"ORGANELLE_BIOGENESIS_AND_MAINTENANCE"	"MITOCHONDRIAL_BIOGENESIS"
"230"	"TRANSPORT_OF_MATURE_TRANSCRIPT_TO_CYTOPLASM"	"TRANSPORT_OF_MATURE_MRNAS_DERIVED_FROM_INTRONLESS_TRANSCRIPTS"
"234"	"AMINO_ACID_CONJUGATION"	"CONJUGATION_OF_CARBOXYLIC_ACIDS"
"238"	"GAMMA_CARBOXYLATION,_HYPUSINE_FORMATION_AND_ARYLSULFATASE_ACTIVATION"	"GAMMA_CARBOXYLATION,_TRANSPORT,_AND_AMINO_TERMINAL_CLEAVAGE_OF_PROTEINS"
"239"	"CYTOSOLIC_SENSORS_OF_PATHOGEN_ASSOCIATED_DNA_"	"ZBP1DAI_MEDIATED_INDUCTION_OF_TYPE_I_IFNS"
"242"	"SULFUR_AMINO_ACID_METABOLISM"	"DEGRADATION_OF_CYSTEINE_AND_HOMOCYSTEINE"
"244"	"METABOLISM_OF_AMINO_ACIDS_AND_DERIVATIVES"	"SULFUR_AMINO_ACID_METABOLISM"
"248"	"EARLY_PHASE_OF_HIV_LIFE_CYCLE"	"REVERSE_TRANSCRIPTION_OF_HIV_RNA"
"249"	"EARLY_PHASE_OF_HIV_LIFE_CYCLE"	"INTEGRATION_OF_PROVIRUS"
"250"	"HIV_LIFE_CYCLE"	"EARLY_PHASE_OF_HIV_LIFE_CYCLE"
"251"	"HIV_LIFE_CYCLE"	"LATE_PHASE_OF_HIV_LIFE_CYCLE"
"258"	"HIV_INFECTION"	"HOST_INTERACTIONS_OF_HIV_FACTORS"
"260"	"POST_TRANSLATIONAL_PROTEIN_MODIFICATION"	"POST_TRANSLATIONAL_MODIFICATION:_SYNTHESIS_OF_GPI_ANCHORED_PROTEINS"
"261"	"THE_CITRIC_ACID_TCA_CYCLE_AND_RESPIRATORY_ELECTRON_TRANSPORT"	"RESPIRATORY_ELECTRON_TRANSPORT,_ATP_SYNTHESIS_BY_CHEMIOSMOTIC_COUPLING,_AND_HEAT_PRODUCTION_BY_UNCOUPLING_PROTEINS."
"267"	"INTEGRATION_OF_ENERGY_METABOLISM"	"GLUCAGON_SIGNALING_IN_METABOLIC_REGULATION"
"271"	"METABOLISM"	"INTEGRATION_OF_ENERGY_METABOLISM"
"275"	"GLYCOSAMINOGLYCAN_METABOLISM"	"KERATAN_SULFATE/KERATIN_METABOLISM"
"276"	"GLYCOSAMINOGLYCAN_METABOLISM"	"HEPARAN_SULFATE/HEPARIN_HS_GAG_METABOLISM"
"277"	"POST_TRANSLATIONAL_PROTEIN_MODIFICATION"	"GAMMA_CARBOXYLATION,_HYPUSINE_FORMATION_AND_ARYLSULFATASE_ACTIVATION"
"283"	"THE_ROLE_OF_NEF_IN_HIV_1_REPLICATION_AND_DISEASE_PATHOGENESIS"	"NEF_MEDIATES_DOWN_MODULATION_OF_CELL_SURFACE_RECEPTORS_BY_RECRUITING_THEM_TO_CLATHRIN_ADAPTERS"
"287"	"HOST_INTERACTIONS_OF_HIV_FACTORS"	"THE_ROLE_OF_NEF_IN_HIV_1_REPLICATION_AND_DISEASE_PATHOGENESIS"
"290"	"COLLAGEN_FORMATION"	"COLLAGEN_BIOSYNTHESIS_AND_MODIFYING_ENZYMES"
"292"	"SIGNAL_TRANSDUCTION"	"MTOR_SIGNALLING"
"295"	"METABOLISM_OF_STEROIDS"	"REGULATION_OF_CHOLESTEROL_BIOSYNTHESIS_BY_SREBP_SREBF"
"296"	"TOLL_LIKE_RECEPTOR_CASCADES"	"TOLL_LIKE_RECEPTOR_4_TLR4_CASCADE"
"313"	"RESPIRATORY_ELECTRON_TRANSPORT,_ATP_SYNTHESIS_BY_CHEMIOSMOTIC_COUPLING,_AND_HEAT_PRODUCTION_BY_UNCOUPLING_PROTEINS."	"MITOCHONDRIAL_UNCOUPLING"
"317"	"INNATE_IMMUNE_SYSTEM"	"COMPLEMENT_CASCADE"
"318"	"CREATION_OF_C4_AND_C2_ACTIVATORS"	"LECTIN_PATHWAY_OF_COMPLEMENT_ACTIVATION"
"319"	"COMPLEMENT_CASCADE"	"INITIAL_TRIGGERING_OF_COMPLEMENT"
"321"	"INITIAL_TRIGGERING_OF_COMPLEMENT"	"CREATION_OF_C4_AND_C2_ACTIVATORS"
"323"	"SIGNALLING_TO_ERKS"	"SIGNALLING_TO_RAS"
"330"	"TRANSCRIPTION_OF_THE_HIV_GENOME"	"HIV_TRANSCRIPTION_ELONGATION"
"331"	"LATE_PHASE_OF_HIV_LIFE_CYCLE"	"TRANSCRIPTION_OF_THE_HIV_GENOME"
"336"	"HIV_TRANSCRIPTION_ELONGATION"	"TAT_MEDIATED_ELONGATION_OF_THE_HIV_1_TRANSCRIPT"
"345"	"TOLL_LIKE_RECEPTOR_CASCADES"	"TOLL_LIKE_RECEPTOR_3_TLR3_CASCADE"
"350"	"IMMUNE_SYSTEM"	"INNATE_IMMUNE_SYSTEM"
"351"	"INFECTIOUS_DISEASE"	"INFLUENZA_INFECTION"
"352"	"INFLUENZA_INFECTION"	"VIRUS_ASSEMBLY_AND_RELEASE"
"353"	"INFLUENZA_INFECTION"	"FUSION_AND_UNCOATING_OF_THE_INFLUENZA_VIRION"
"355"	"INFLUENZA_INFECTION"	"INFLUENZA_VIRAL_RNA_TRANSCRIPTION_AND_REPLICATION"
"356"	"INFLUENZA_INFECTION"	"EXPORT_OF_VIRAL_RIBONUCLEOPROTEINS_FROM_NUCLEUS"
"358"	"INFLUENZA_INFECTION"	"NS1_MEDIATED_EFFECTS_ON_HOST_PATHWAYS"
"364"	"NS1_MEDIATED_EFFECTS_ON_HOST_PATHWAYS"	"INHIBITION_OF_INTERFERON_SYNTHESIS"
"366"	"VIRUS_ASSEMBLY_AND_RELEASE"	"ASSEMBLY_OF_VIRAL_COMPONENTS_AT_THE_BUDDING_SITE"
"372"	"INNATE_IMMUNE_SYSTEM"	"NUCLEOTIDE_BINDING_DOMAIN,_LEUCINE_RICH_REPEAT_CONTAINING_RECEPTOR_NLR_SIGNALING_PATHWAYS"
"373"	"UPTAKE_AND_ACTIONS_OF_BACTERIAL_TOXINS"	"NEUROTOXICITY_OF_CLOSTRIDIUM_TOXINS"
"376"	"INNATE_IMMUNE_SYSTEM"	"TOLL_LIKE_RECEPTOR_CASCADES"
"378"	"INNATE_IMMUNE_SYSTEM"	"DDX58/IFIH1_MEDIATED_INDUCTION_OF_INTERFERON_ALPHA/BETA"
"380"	"SIGNALLING_TO_ERKS"	"PROLONGED_ERK_ACTIVATION_EVENTS"
"381"	"APOPTOSIS"	"REGULATION_OF_APOPTOSIS"
"387"	"SIGNALING_BY_TGFB_FAMILY_MEMBERS"	"SIGNALING_BY_TGF_BETA_RECEPTOR_COMPLEX"
"401"	"REGULATION_OF_MITOTIC_CELL_CYCLE"	"APC/C_MEDIATED_DEGRADATION_OF_CELL_CYCLE_PROTEINS"
"409"	"TELOMERE_C_STRAND_LAGGING_STRAND_SYNTHESIS"	"PROCESSIVE_SYNTHESIS_ON_THE_C_STRAND_OF_THE_TELOMERE"
"410"	"EXTENSION_OF_TELOMERES"	"TELOMERE_C_STRAND_LAGGING_STRAND_SYNTHESIS"
"414"	"ASSEMBLY_OF_THE_HIV_VIRION"	"SYNTHESIS_AND_PROCESSING_OF_GAG,_GAGPOL_POLYPROTEINS"
"417"	"LATE_PHASE_OF_HIV_LIFE_CYCLE"	"ASSEMBLY_OF_THE_HIV_VIRION"
"419"	"HOST_INTERACTIONS_OF_HIV_FACTORS"	"INTERACTIONS_OF_VPR_WITH_HOST_CELLULAR_PROTEINS"
"423"	"APC/C_MEDIATED_DEGRADATION_OF_CELL_CYCLE_PROTEINS"	"REGULATION_OF_APC/C_ACTIVATORS_BETWEEN_G1/S_AND_EARLY_ANAPHASE"
"424"	"ACTIVATION_OF_APC/C_AND_APC/C:CDC20_MEDIATED_DEGRADATION_OF_MITOTIC_PROTEINS"	"APC/C:CDC20_MEDIATED_DEGRADATION_OF_MITOTIC_PROTEINS"
"427"	"APC/C_MEDIATED_DEGRADATION_OF_CELL_CYCLE_PROTEINS"	"ACTIVATION_OF_APC/C_AND_APC/C:CDC20_MEDIATED_DEGRADATION_OF_MITOTIC_PROTEINS"
"432"	"HOST_INTERACTIONS_OF_HIV_FACTORS"	"INTERACTIONS_OF_REV_WITH_HOST_CELLULAR_PROTEINS"
"435"	"SIGNALING_BY_RECEPTOR_TYROSINE_KINASES"	"SIGNALING_BY_EGFR"
"436"	"GLYCOSAMINOGLYCAN_METABOLISM"	"CHONDROITIN_SULFATE/DERMATAN_SULFATE_METABOLISM"
"438"	"APC/C:CDC20_MEDIATED_DEGRADATION_OF_MITOTIC_PROTEINS"	"APC:CDC20_MEDIATED_DEGRADATION_OF_CELL_CYCLE_PROTEINS_PRIOR_TO_SATISFATION_OF_THE_CELL_CYCLE_CHECKPOINT"
"448"	"TELOMERE_MAINTENANCE"	"EXTENSION_OF_TELOMERES"
"458"	"CYTOSOLIC_SENSORS_OF_PATHOGEN_ASSOCIATED_DNA_"	"STING_MEDIATED_INDUCTION_OF_HOST_IMMUNE_RESPONSES"
"459"	"INNATE_IMMUNE_SYSTEM"	"CYTOSOLIC_SENSORS_OF_PATHOGEN_ASSOCIATED_DNA_"
"463"	"SIGNALING_BY_FGFR1_IN_DISEASE"	"FGFR1_MUTANT_RECEPTOR_ACTIVATION"
"464"	"SIGNALING_BY_FGFR2_IN_DISEASE"	"FGFR2_MUTANT_RECEPTOR_ACTIVATION"
"479"	"DEVELOPMENTAL_BIOLOGY"	"REGULATION_OF_BETA_CELL_DEVELOPMENT"
"481"	"SIGNALING_BY_RECEPTOR_TYROSINE_KINASES"	"SIGNALING_BY_PDGF"
"482"	"SIGNALING_BY_NTRK1_TRKA"	"ACTIVATION_OF_TRKA_RECEPTORS"
"484"	"SIGNALING_BY_NTRKS"	"SIGNALING_BY_NTRK1_TRKA"
"488"	"SIGNALING_BY_NTRK1_TRKA"	"SIGNALLING_TO_ERKS"
"492"	"METABOLISM"	"METABOLISM_OF_PORPHYRINS"
"496"	"SIGNALING_BY_FGFR3"	"FGFR3_LIGAND_BINDING_AND_ACTIVATION"
"497"	"SIGNALING_BY_FGFR2"	"FGFR2_LIGAND_BINDING_AND_ACTIVATION"
"498"	"SIGNALING_BY_FGFR1"	"FGFR1_LIGAND_BINDING_AND_ACTIVATION"
"499"	"SIGNALING_BY_FGFR4"	"FGFR4_LIGAND_BINDING_AND_ACTIVATION"
"511"	"GAP_JUNCTION_TRAFFICKING"	"GAP_JUNCTION_ASSEMBLY"
"512"	"GAP_JUNCTION_ASSEMBLY"	"TRANSPORT_OF_CONNEXONS_TO_THE_PLASMA_MEMBRANE"
"513"	"GAP_JUNCTION_TRAFFICKING"	"GAP_JUNCTION_DEGRADATION"
"517"	"SIGNALING_BY_NOTCH"	"PRE_NOTCH_EXPRESSION_AND_PROCESSING"
"518"	"METABOLISM_OF_STEROIDS"	"CHOLESTEROL_BIOSYNTHESIS"
"521"	"BILE_ACID_AND_BILE_SALT_METABOLISM"	"SYNTHESIS_OF_BILE_ACIDS_AND_BILE_SALTS"
"531"	"P75_NTR_RECEPTOR_MEDIATED_SIGNALLING"	"P75NTR_SIGNALS_VIA_NF_KB"
"536"	"P75_NTR_RECEPTOR_MEDIATED_SIGNALLING"	"P75NTR_REGULATES_AXONOGENESIS"
"537"	"DEATH_RECEPTOR_SIGNALING"	"P75_NTR_RECEPTOR_MEDIATED_SIGNALLING"
"542"	"METABOLISM_OF_STEROIDS"	"BILE_ACID_AND_BILE_SALT_METABOLISM"
"543"	"SIGNALING_BY_RECEPTOR_TYROSINE_KINASES"	"SIGNALING_BY_VEGF"
"545"	"SIGNALING_BY_VEGF"	"VEGF_LIGAND_RECEPTOR_INTERACTIONS"
"547"	"METABOLISM_OF_RNA"	"METABOLISM_OF_NON_CODING_RNA"
"548"	"SIGNALING_BY_WNT"	"DEGRADATION_OF_BETA_CATENIN_BY_THE_DESTRUCTION_COMPLEX"
"549"	"SIGNALING_BY_RHO_GTPASES"	"RHO_GTPASE_EFFECTORS"
"551"	"SIGNAL_TRANSDUCTION"	"SIGNALING_BY_WNT"
"553"	"METABOLISM_OF_STEROIDS"	"METABOLISM_OF_STEROID_HORMONES"
"558"	"METABOLISM_OF_WATER_SOLUBLE_VITAMINS_AND_COFACTORS"	"COBALAMIN_CBL,_VITAMIN_B12_TRANSPORT_AND_METABOLISM"
"563"	"METABOLISM_OF_WATER_SOLUBLE_VITAMINS_AND_COFACTORS"	"NICOTINATE_METABOLISM"
"567"	"METABOLISM_OF_VITAMINS_AND_COFACTORS"	"METABOLISM_OF_WATER_SOLUBLE_VITAMINS_AND_COFACTORS"
"572"	"SIGNALING_BY_NOTCH"	"SIGNALING_BY_NOTCH1"
"573"	"SIGNALING_BY_NOTCH"	"SIGNALING_BY_NOTCH2"
"577"	"SIGNALING_BY_NTRK1_TRKA"	"NUCLEAR_EVENTS_KINASE_AND_TRANSCRIPTION_FACTOR_ACTIVATION"
"584"	"METABOLISM_OF_WATER_SOLUBLE_VITAMINS_AND_COFACTORS"	"VITAMIN_B5_PANTOTHENATE_METABOLISM"
"585"	"PIP3_ACTIVATES_AKT_SIGNALING"	"NEGATIVE_REGULATION_OF_THE_PI3K/AKT_NETWORK"
"588"	"MEMBRANE_TRAFFICKING"	"ER_TO_GOLGI_ANTEROGRADE_TRANSPORT"
"589"	"TRANSPORT_TO_THE_GOLGI_AND_SUBSEQUENT_MODIFICATION"	"ER_TO_GOLGI_ANTEROGRADE_TRANSPORT"
"590"	"VESICLE_MEDIATED_TRANSPORT"	"MEMBRANE_TRAFFICKING"
"591"	"MEMBRANE_TRAFFICKING"	"TRANS_GOLGI_NETWORK_VESICLE_BUDDING"
"594"	"SIGNALING_BY_RECEPTOR_TYROSINE_KINASES"	"SIGNALING_BY_ALK"
"595"	"SIGNALING_BY_WNT"	"TCF_DEPENDENT_SIGNALING_IN_RESPONSE_TO_WNT"
"597"	"TCF_DEPENDENT_SIGNALING_IN_RESPONSE_TO_WNT"	"FORMATION_OF_THE_BETA_CATENIN:TCF_TRANSACTIVATING_COMPLEX"
"599"	"METABOLISM"	"METABOLISM_OF_NITRIC_OXIDE:_NOS3_ACTIVATION_AND_REGULATION"
"600"	"COLLAGEN_FORMATION"	"ASSEMBLY_OF_COLLAGEN_FIBRILS_AND_OTHER_MULTIMERIC_STRUCTURES"
"608"	"ADAPTIVE_IMMUNE_SYSTEM"	"TCR_SIGNALING"
"617"	"HEMOSTASIS"	"CELL_SURFACE_INTERACTIONS_AT_THE_VASCULAR_WALL"
"619"	"INNATE_IMMUNE_SYSTEM"	"FCGAMMA_RECEPTOR_FCGR_DEPENDENT_PHAGOCYTOSIS"
"624"	"SIGNALING_BY_FGFR3_IN_DISEASE"	"FGFR3_MUTANT_RECEPTOR_ACTIVATION"
"633"	"FATTY_ACID_METABOLISM"	"ALPHA_LINOLENIC_OMEGA3_AND_LINOLEIC_OMEGA6_ACID_METABOLISM"
"637"	"P75_NTR_RECEPTOR_MEDIATED_SIGNALLING"	"CELL_DEATH_SIGNALLING_VIA_NRAGE,_NRIF_AND_NADE"
"644"	"METABOLISM_OF_AMINO_ACIDS_AND_DERIVATIVES"	"METABOLISM_OF_AMINE_DERIVED_HORMONES"
"648"	"PEPTIDE_HORMONE_METABOLISM"	"PEPTIDE_HORMONE_BIOSYNTHESIS"
"649"	"METABOLISM_OF_AMINE_DERIVED_HORMONES"	"THYROXINE_BIOSYNTHESIS"
"653"	"REGULATION_OF_BETA_CELL_DEVELOPMENT"	"REGULATION_OF_GENE_EXPRESSION_IN_BETA_CELLS"
"659"	"GENE_EXPRESSION_TRANSCRIPTION"	"GENE_SILENCING_BY_RNA"
"664"	"METABOLISM"	"BIOLOGICAL_OXIDATIONS"
"665"	"PHASE_I___FUNCTIONALIZATION_OF_COMPOUNDS"	"CYTOCHROME_P450___ARRANGED_BY_SUBSTRATE_TYPE"
"668"	"BIOLOGICAL_OXIDATIONS"	"PHASE_I___FUNCTIONALIZATION_OF_COMPOUNDS"
"671"	"CYTOCHROME_P450___ARRANGED_BY_SUBSTRATE_TYPE"	"ENDOGENOUS_STEROLS"
"673"	"CYTOCHROME_P450___ARRANGED_BY_SUBSTRATE_TYPE"	"XENOBIOTICS"
"676"	"GENE_EXPRESSION_TRANSCRIPTION"	"EPIGENETIC_REGULATION_OF_GENE_EXPRESSION"
"680"	"RNA_POLYMERASE_II_TRANSCRIPTION"	"GENERIC_TRANSCRIPTION_PATHWAY"
"691"	"FATTY_ACID_METABOLISM"	"ARACHIDONIC_ACID_METABOLISM"
"695"	"GLYCOSAMINOGLYCAN_METABOLISM"	"HYALURONAN_METABOLISM"
"703"	"DRUG_ADME"	"ABACAVIR_ADME"
"707"	"INNATE_IMMUNE_SYSTEM"	"DAP12_INTERACTIONS"
"709"	"VESICLE_MEDIATED_TRANSPORT"	"BINDING_AND_UPTAKE_OF_LIGANDS_BY_SCAVENGER_RECEPTORS"
"711"	"SIGNALING_BY_TGF_BETA_RECEPTOR_COMPLEX"	"TGF_BETA_RECEPTOR_SIGNALING_ACTIVATES_SMADS"
"713"	"SIGNALING_BY_TGF_BETA_RECEPTOR_COMPLEX"	"TRANSCRIPTIONAL_ACTIVITY_OF_SMAD2/SMAD3:SMAD4_HETEROTRIMER"
"714"	"GENERIC_TRANSCRIPTION_PATHWAY"	"TRANSCRIPTIONAL_ACTIVITY_OF_SMAD2/SMAD3:SMAD4_HETEROTRIMER"
"719"	"SENSORY_PERCEPTION"	"VISUAL_PHOTOTRANSDUCTION"
"722"	"DISEASES_OF_CARBOHYDRATE_METABOLISM"	"MUCOPOLYSACCHARIDOSES"
"734"	"DISEASES_OF_SIGNAL_TRANSDUCTION_BY_GROWTH_FACTOR_RECEPTORS_AND_SECOND_MESSENGERS"	"PI3K/AKT_SIGNALING_IN_CANCER"
"737"	"CELLULAR_RESPONSES_TO_STIMULI"	"CELLULAR_RESPONSES_TO_STRESS"
"744"	"METABOLISM_OF_AMINO_ACIDS_AND_DERIVATIVES"	"SELENOAMINO_ACID_METABOLISM"
"750"	"SIGNALING_BY_TYPE_1_INSULIN_LIKE_GROWTH_FACTOR_1_RECEPTOR_IGF1R"	"IGF1R_SIGNALING_CASCADE"
"753"	"DISEASES_ASSOCIATED_WITH_VISUAL_TRANSDUCTION"	"RETINOID_CYCLE_DISEASE_EVENTS"
"754"	"VISUAL_PHOTOTRANSDUCTION"	"THE_CANONICAL_RETINOID_CYCLE_IN_RODS_TWILIGHT_VISION"
"755"	"INNATE_IMMUNE_SYSTEM"	"FC_EPSILON_RECEPTOR_FCERI_SIGNALING"
"763"	"DISEASES_OF_THE_NEURONAL_SYSTEM"	"DISEASES_ASSOCIATED_WITH_VISUAL_TRANSDUCTION"
"767"	"VISUAL_PHOTOTRANSDUCTION"	"THE_PHOTOTRANSDUCTION_CASCADE"
"770"	"M_PHASE"	"MITOTIC_METAPHASE_AND_ANAPHASE"
"773"	"CELLULAR_RESPONSES_TO_STRESS"	"CELLULAR_SENESCENCE"
"776"	"CELLULAR_SENESCENCE"	"DNA_DAMAGE/TELOMERE_STRESS_INDUCED_SENESCENCE"
"781"	"SIGNALING_BY_NOTCH1_IN_CANCER"	"SIGNALING_BY_NOTCH1_PEST_DOMAIN_MUTANTS_IN_CANCER"
"783"	"SIGNALING_BY_NOTCH1_IN_CANCER"	"FBXW7_MUTANTS_AND_NOTCH1_IN_CANCER"
"789"	"SIGNALING_BY_NOTCH1_IN_CANCER"	"SIGNALING_BY_NOTCH1_T7;9NOTCH1:M1580_K2555_TRANSLOCATION_MUTANT"
"791"	"ION_CHANNEL_TRANSPORT"	"STIMULI_SENSING_CHANNELS"
"792"	"AXON_GUIDANCE"	"EPH_EPHRIN_SIGNALING"
"793"	"SIGNALING_BY_NOTCH1_IN_CANCER"	"SIGNALING_BY_NOTCH1_HD_DOMAIN_MUTANTS_IN_CANCER"
"802"	"SIGNALING_BY_NOTCH1_IN_CANCER"	"SIGNALING_BY_NOTCH1_HD+PEST_DOMAIN_MUTANTS_IN_CANCER"
"806"	"METABOLISM_OF_PROTEINS"	"PEPTIDE_HORMONE_METABOLISM"
"807"	"MITOTIC_PROPHASE"	"NUCLEAR_ENVELOPE_BREAKDOWN"
"811"	"MITOTIC_ANAPHASE"	"NUCLEAR_ENVELOPE_NE_REASSEMBLY"
"814"	"EXTRACELLULAR_MATRIX_ORGANIZATION"	"NON_INTEGRIN_MEMBRANE_ECM_INTERACTIONS"
"824"	"SUMOYLATION"	"SUMO_E3_LIGASES_SUMOYLATE_TARGET_PROTEINS"
"827"	"CYTOSOLIC_SENSORS_OF_PATHOGEN_ASSOCIATED_DNA_"	"REGULATION_OF_INNATE_IMMUNE_RESPONSES_TO_CYTOSOLIC_DNA"
"833"	"SUMOYLATION"	"PROCESSING_AND_ACTIVATION_OF_SUMO"
"834"	"DISEASES_OF_CARBOHYDRATE_METABOLISM"	"GLYCOGEN_STORAGE_DISEASES"
"839"	"CHROMATIN_ORGANIZATION"	"CHROMATIN_MODIFYING_ENZYMES"
"847"	"DEFECTS_IN_VITAMIN_AND_COFACTOR_METABOLISM"	"DEFECTS_IN_COBALAMIN_B12_METABOLISM"
"851"	"SIGNALING_BY_TGF_BETA_RECEPTOR_COMPLEX_IN_CANCER"	"LOSS_OF_FUNCTION_OF_SMAD4_IN_CANCER"
"852"	"SIGNALING_BY_TGF_BETA_RECEPTOR_COMPLEX_IN_CANCER"	"LOSS_OF_FUNCTION_OF_SMAD2/3_IN_CANCER"
"858"	"DEFECTS_IN_VITAMIN_AND_COFACTOR_METABOLISM"	"DEFECTS_IN_BIOTIN_BTN_METABOLISM"
"875"	"CELLULAR_RESPONSES_TO_STRESS"	"CELLULAR_RESPONSE_TO_HEAT_STRESS"
"877"	"CELLULAR_RESPONSE_TO_HEAT_STRESS"	"HSF1_DEPENDENT_TRANSACTIVATION"
"886"	"METABOLISM_OF_AMINO_ACIDS_AND_DERIVATIVES"	"METABOLISM_OF_POLYAMINES"
"890"	"PLATELET_AGGREGATION_PLUG_FORMATION"	"INTEGRIN_SIGNALING"
"891"	"SIGNAL_TRANSDUCTION"	"INTEGRIN_SIGNALING"
"893"	"DISEASES_OF_GLYCOSYLATION"	"DISEASES_ASSOCIATED_WITH_GLYCOSAMINOGLYCAN_METABOLISM"
"902"	"SIGNALING_BY_TGF_BETA_RECEPTOR_COMPLEX_IN_CANCER"	"LOSS_OF_FUNCTION_OF_TGFBR2_IN_CANCER"
"913"	"SIGNALING_BY_TGF_BETA_RECEPTOR_COMPLEX_IN_CANCER"	"LOSS_OF_FUNCTION_OF_TGFBR1_IN_CANCER"
"915"	"GENERIC_TRANSCRIPTION_PATHWAY"	"TRANSCRIPTIONAL_REGULATION_BY_TP53"
"918"	"GPCR_LIGAND_BINDING"	"CLASS_A/1_RHODOPSIN_LIKE_RECEPTORS"
"919"	"GPCR_LIGAND_BINDING"	"CLASS_B/2_SECRETIN_FAMILY_RECEPTORS"
"920"	"AXON_GUIDANCE"	"NETRIN_1_SIGNALING"
"922"	"AXON_GUIDANCE"	"SEMAPHORIN_INTERACTIONS"
"924"	"AXON_GUIDANCE"	"L1CAM_INTERACTIONS"
"925"	"AXON_GUIDANCE"	"NCAM_SIGNALING_FOR_NEURITE_OUT_GROWTH"
"926"	"CLASS_A/1_RHODOPSIN_LIKE_RECEPTORS"	"PEPTIDE_LIGAND_BINDING_RECEPTORS"
"927"	"CLASS_A/1_RHODOPSIN_LIKE_RECEPTORS"	"AMINE_LIGAND_BINDING_RECEPTORS"
"930"	"AXON_GUIDANCE"	"SIGNALING_BY_ROBO_RECEPTORS"
"933"	"DISEASES_OF_GLYCOSYLATION"	"DISEASES_ASSOCIATED_WITH_N_GLYCOSYLATION_OF_PROTEINS"
"938"	"NEUROTRANSMITTER_CLEARANCE"	"DOPAMINE_CLEARANCE_FROM_THE_SYNAPTIC_CLEFT"
"940"	"TRANSLATION"	"TRNA_AMINOACYLATION"
"946"	"CENTROSOME_MATURATION"	"LOSS_OF_PROTEINS_REQUIRED_FOR_INTERPHASE_MICROTUBULE_ORGANIZATION_FROM_THE_CENTROSOME"
"947"	"G2/M_TRANSITION"	"CENTROSOME_MATURATION"
"950"	"NEUROTRANSMITTER_CLEARANCE"	"SEROTONIN_CLEARANCE_FROM_THE_SYNAPTIC_CLEFT"
"953"	"UNFOLDED_PROTEIN_RESPONSE_UPR"	"ATF6_ATF6_ALPHA_ACTIVATES_CHAPERONES"
"955"	"UNFOLDED_PROTEIN_RESPONSE_UPR"	"PERK_REGULATES_GENE_EXPRESSION"
"956"	"UNFOLDED_PROTEIN_RESPONSE_UPR"	"IRE1ALPHA_ACTIVATES_CHAPERONES"
"957"	"CELLULAR_RESPONSES_TO_STRESS"	"UNFOLDED_PROTEIN_RESPONSE_UPR"
"963"	"SENSORY_PERCEPTION"	"OLFACTORY_SIGNALING_PATHWAY"
"965"	"TRANSPORT_OF_SMALL_MOLECULES"	"ABC_FAMILY_PROTEINS_MEDIATED_TRANSPORT"
"968"	"SIGNALING_BY_WNT"	"BETA_CATENIN_INDEPENDENT_WNT_SIGNALING"
"971"	"SIGNALING_BY_GPCR"	"GPCR_DOWNSTREAM_SIGNALLING"
"973"	"ADAPTIVE_IMMUNE_SYSTEM"	"COSTIMULATION_BY_THE_CD28_FAMILY"
"975"	"COSTIMULATION_BY_THE_CD28_FAMILY"	"CD28_CO_STIMULATION"
"982"	"METABOLISM_OF_AMINO_ACIDS_AND_DERIVATIVES"	"GLYOXYLATE_METABOLISM_AND_GLYCINE_DEGRADATION"
"987"	"CHAPERONIN_MEDIATED_PROTEIN_FOLDING"	"COOPERATION_OF_PREFOLDIN_AND_TRIC/CCT__IN_ACTIN_AND_TUBULIN_FOLDING"
"992"	"PROTEIN_FOLDING"	"CHAPERONIN_MEDIATED_PROTEIN_FOLDING"
"1000"	"DISEASES_OF_GLYCOSYLATION"	"DISEASES_ASSOCIATED_WITH_O_GLYCOSYLATION_OF_PROTEINS"
"1001"	"FATTY_ACID_METABOLISM"	"PEROXISOMAL_LIPID_METABOLISM"
"1003"	"METABOLISM_OF_PROTEINS"	"PROTEIN_FOLDING"
"1004"	"CLASS_A/1_RHODOPSIN_LIKE_RECEPTORS"	"EICOSANOID_LIGAND_BINDING_RECEPTORS"
"1008"	"PLATELET_HOMEOSTASIS"	"NITRIC_OXIDE_STIMULATES_GUANYLATE_CYCLASE"
"1012"	"PLATELET_ACTIVATION,_SIGNALING_AND_AGGREGATION"	"SIGNAL_AMPLIFICATION"
"1018"	"GPCR_DOWNSTREAM_SIGNALLING"	"G_PROTEIN_BETA:GAMMA_SIGNALLING"
"1020"	"GLUTAMATE_BINDING,_ACTIVATION_OF_AMPA_RECEPTORS_AND_SYNAPTIC_PLASTICITY"	"TRAFFICKING_OF_AMPA_RECEPTORS"
"1021"	"NEUROTRANSMITTER_RECEPTORS_AND_POSTSYNAPTIC_SIGNAL_TRANSMISSION"	"GLUTAMATE_BINDING,_ACTIVATION_OF_AMPA_RECEPTORS_AND_SYNAPTIC_PLASTICITY"
"1027"	"METABOLISM_OF_LIPIDS"	"REGULATION_OF_LIPID_METABOLISM_BY_PPARALPHA"
"1028"	"REGULATION_OF_INSULIN_SECRETION"	"FREE_FATTY_ACIDS_REGULATE_INSULIN_SECRETION"
"1029"	"PEPTIDE_HORMONE_METABOLISM"	"INCRETIN_SYNTHESIS,_SECRETION,_AND_INACTIVATION"
"1031"	"SEMAPHORIN_INTERACTIONS"	"SEMA4D_IN_SEMAPHORIN_SIGNALING"
"1039"	"BETA_CATENIN_INDEPENDENT_WNT_SIGNALING"	"PCP/CE_PATHWAY"
"1049"	"CLASS_A/1_RHODOPSIN_LIKE_RECEPTORS"	"NUCLEOTIDE_LIKE_PURINERGIC_RECEPTORS"
"1051"	"HEMOSTASIS"	"PLATELET_HOMEOSTASIS"
"1053"	"PLATELET_HOMEOSTASIS"	"PLATELET_CALCIUM_HOMEOSTASIS"
"1055"	"GPCR_DOWNSTREAM_SIGNALLING"	"G_ALPHA_S_SIGNALLING_EVENTS"
"1063"	"CELL_CELL_JUNCTION_ORGANIZATION"	"ADHERENS_JUNCTIONS_INTERACTIONS"
"1072"	"CELL_JUNCTION_ORGANIZATION"	"CELL_CELL_JUNCTION_ORGANIZATION"
"1074"	"INTEGRATION_OF_ENERGY_METABOLISM"	"REGULATION_OF_INSULIN_SECRETION"
"1075"	"NERVOUS_SYSTEM_DEVELOPMENT"	"AXON_GUIDANCE"
"1076"	"SLC_MEDIATED_TRANSMEMBRANE_TRANSPORT"	"TRANSPORT_OF_BILE_SALTS_AND_ORGANIC_ACIDS,_METAL_IONS_AND_AMINE_COMPOUNDS"
"1078"	"SLC_MEDIATED_TRANSMEMBRANE_TRANSPORT"	"TRANSPORT_OF_INORGANIC_CATIONS/ANIONS_AND_AMINO_ACIDS/OLIGOPEPTIDES"
"1079"	"SLC_MEDIATED_TRANSMEMBRANE_TRANSPORT"	"TRANSPORT_OF_VITAMINS,_NUCLEOSIDES,_AND_RELATED_MOLECULES"
"1080"	"TRANSPORT_OF_SMALL_MOLECULES"	"SLC_MEDIATED_TRANSMEMBRANE_TRANSPORT"
"1093"	"TRANSPORT_OF_INORGANIC_CATIONS/ANIONS_AND_AMINO_ACIDS/OLIGOPEPTIDES"	"SODIUM_COUPLED_PHOSPHATE_COTRANSPORTERS"
"1095"	"METABOLISM_OF_LIPIDS"	"SPHINGOLIPID_METABOLISM"
"1105"	"METABOLISM_OF_RNA"	"DEADENYLATION_DEPENDENT_MRNA_DECAY"
"1121"	"METAL_ION_SLC_TRANSPORTERS"	"ZINC_TRANSPORTERS"
"1124"	"ACTIVATION_OF_NMDA_RECEPTORS_AND_POSTSYNAPTIC_EVENTS"	"POST_NMDA_RECEPTOR_ACTIVATION_EVENTS"
"1128"	"SIGNALING_BY_VEGF"	"VEGFA_VEGFR2_PATHWAY"
"1134"	"POST_NMDA_RECEPTOR_ACTIVATION_EVENTS"	"CREB1_PHOSPHORYLATION_THROUGH_NMDA_RECEPTOR_MEDIATED_ACTIVATION_OF_RAS_SIGNALING"
"1135"	"NEUROTRANSMITTER_RECEPTORS_AND_POSTSYNAPTIC_SIGNAL_TRANSMISSION"	"ACTIVATION_OF_NMDA_RECEPTORS_AND_POSTSYNAPTIC_EVENTS"
"1145"	"TRANSPORT_OF_SMALL_MOLECULES"	"AQUAPORIN_MEDIATED_TRANSPORT"
"1158"	"BIOSYNTHESIS_OF_THE_N_GLYCAN_PRECURSOR_DOLICHOL_LIPID_LINKED_OLIGOSACCHARIDE,_LLO_AND_TRANSFER_TO_A_NASCENT_PROTEIN"	"SYNTHESIS_OF_SUBSTRATES_IN_N_GLYCAN_BIOSYTHESIS"
"1160"	"CELL_JUNCTION_ORGANIZATION"	"CELL_EXTRACELLULAR_MATRIX_INTERACTIONS"
"1162"	"SIGNALING_BY_INTERLEUKINS"	"INTERLEUKIN_1_FAMILY_SIGNALING"
"1163"	"CELL_CELL_COMMUNICATION"	"CELL_JUNCTION_ORGANIZATION"
"1167"	"SIGNALING_BY_INTERLEUKINS"	"INTERLEUKIN_12_FAMILY_SIGNALING"
"1170"	"CYTOKINE_SIGNALING_IN_IMMUNE_SYSTEM"	"SIGNALING_BY_INTERLEUKINS"
"1186"	"METABOLISM_OF_RNA"	"REGULATION_OF_MRNA_STABILITY_BY_PROTEINS_THAT_BIND_AU_RICH_ELEMENTS"
"1188"	"ACTIVATION_OF_KAINATE_RECEPTORS_UPON_GLUTAMATE_BINDING"	"IONOTROPIC_ACTIVITY_OF_KAINATE_RECEPTORS"
"1191"	"NEUROTRANSMITTER_RECEPTORS_AND_POSTSYNAPTIC_SIGNAL_TRANSMISSION"	"ACTIVATION_OF_KAINATE_RECEPTORS_UPON_GLUTAMATE_BINDING"
"1192"	"SIGNALING_BY_INTERLEUKINS"	"INTERLEUKIN_2_FAMILY_SIGNALING"
"1193"	"DEVELOPMENTAL_BIOLOGY"	"TRANSCRIPTIONAL_REGULATION_OF_PLURIPOTENT_STEM_CELLS"
"1194"	"CELL_CYCLE,_MITOTIC"	"MITOTIC_G2_G2/M_PHASES"
"1226"	"DISEASES_OF_SIGNAL_TRANSDUCTION_BY_GROWTH_FACTOR_RECEPTORS_AND_SECOND_MESSENGERS"	"SIGNALING_BY_WNT_IN_CANCER"
"1232"	"SIGNALING_BY_WNT_IN_CANCER"	"SIGNALING_BY_AXIN_MUTANTS"
"1233"	"SIGNALING_BY_WNT_IN_CANCER"	"SIGNALING_BY_CTNNB1_PHOSPHO_SITE_MUTANTS"
"1234"	"SIGNALING_BY_WNT_IN_CANCER"	"SIGNALING_BY_APC_MUTANTS"
"1235"	"SIGNALING_BY_WNT_IN_CANCER"	"SIGNALING_BY_AMER1_MUTANTS"
"1239"	"SIGNALING_BY_GPCR"	"GPCR_LIGAND_BINDING"
"1250"	"SIGNALING_BY_INTERLEUKINS"	"INTERLEUKIN_3,_INTERLEUKIN_5_AND_GM_CSF_SIGNALING"
"1252"	"POST_TRANSLATIONAL_PROTEIN_MODIFICATION"	"O_LINKED_GLYCOSYLATION"
"1254"	"SELECTIVE_AUTOPHAGY"	"MITOPHAGY"
"1258"	"PROGRAMMED_CELL_DEATH"	"REGULATED_NECROSIS"
"1264"	"EPIGENETIC_REGULATION_OF_GENE_EXPRESSION"	"POSITIVE_EPIGENETIC_REGULATION_OF_RRNA_EXPRESSION"
"1266"	"EPIGENETIC_REGULATION_OF_GENE_EXPRESSION"	"NEGATIVE_EPIGENETIC_REGULATION_OF_RRNA_EXPRESSION"
"1281"	"INFECTIOUS_DISEASE"	"UPTAKE_AND_ACTIONS_OF_BACTERIAL_TOXINS"
"1288"	"APOPTOSIS"	"CASPASE_ACTIVATION_VIA_EXTRINSIC_APOPTOTIC_SIGNALLING_PATHWAY"
"1292"	"SIGNALING_BY_HEDGEHOG"	"HEDGEHOG_LIGAND_BIOGENESIS"
"1295"	"DNA_REPAIR"	"MISMATCH_REPAIR"
"1302"	"SIGNALING_BY_NUCLEAR_RECEPTORS"	"SIGNALING_BY_RETINOIC_ACID"
"1307"	"TRANSLATION"	"MITOCHONDRIAL_TRANSLATION"
"1309"	"DISEASES_OF_SIGNAL_TRANSDUCTION_BY_GROWTH_FACTOR_RECEPTORS_AND_SECOND_MESSENGERS"	"HH_MUTANTS_ABROGATE_LIGAND_SECRETION"
"1312"	"DISEASES_OF_DNA_REPAIR"	"DISEASES_OF_MISMATCH_REPAIR_MMR"
"1321"	"TRANSPORT_OF_BILE_SALTS_AND_ORGANIC_ACIDS,_METAL_IONS_AND_AMINE_COMPOUNDS"	"ORGANIC_CATION/ANION/ZWITTERION_TRANSPORT"
"1324"	"METABOLISM"	"METABOLISM_OF_LIPIDS"
"1327"	"MUSCLE_CONTRACTION"	"CARDIAC_CONDUCTION"
"1362"	"DISEASES_OF_METABOLISM"	"METABOLIC_DISORDERS_OF_BIOLOGICAL_OXIDATION_ENZYMES"
"1367"	"DISEASES_OF_IMMUNE_SYSTEM"	"DISEASES_ASSOCIATED_WITH_THE_TLR_SIGNALING_CASCADE"
"1381"	"C_TYPE_LECTIN_RECEPTORS_CLRS"	"CLEC7A_DECTIN_1_SIGNALING"
"1383"	"DISEASES_OF_GLYCOSYLATION"	"DISEASES_ASSOCIATED_WITH_GLYCOSYLATION_PRECURSOR_BIOSYNTHESIS"
"1391"	"SIGNALING_BY_HEDGEHOG"	"HEDGEHOG_'OFF'_STATE"
"1393"	"ORGANELLE_BIOGENESIS_AND_MAINTENANCE"	"CILIUM_ASSEMBLY"
"1432"	"DISORDERS_OF_TRANSMEMBRANE_TRANSPORTERS"	"ABC_TRANSPORTER_DISORDERS"
"1445"	"DISORDERS_OF_TRANSMEMBRANE_TRANSPORTERS"	"SLC_TRANSPORTER_DISORDERS"
"1455"	"DEVELOPMENTAL_BIOLOGY"	"ACTIVATION_OF_HOX_GENES_DURING_DIFFERENTIATION"
"1458"	"CILIUM_ASSEMBLY"	"CARGO_TRAFFICKING_TO_THE_PERICILIARY_MEMBRANE"
"1463"	"INNATE_IMMUNE_SYSTEM"	"C_TYPE_LECTIN_RECEPTORS_CLRS"
"1467"	"RHO_GTPASE_EFFECTORS"	"RHO_GTPASES_ACTIVATE_PKNS"
"1478"	"SIGNALING_BY_HEDGEHOG"	"HEDGEHOG_'ON'_STATE"
"1483"	"TRANSCRIPTIONAL_REGULATION_BY_TP53"	"REGULATION_OF_TP53_ACTIVITY"
"1484"	"TRANSCRIPTIONAL_REGULATION_BY_TP53"	"TP53_REGULATES_TRANSCRIPTION_OF_CELL_DEATH_GENES"
"1489"	"SIGNALING_BY_EGFR_IN_CANCER"	"SIGNALING_BY_EGFRVIII_IN_CANCER"
"1490"	"SIGNALING_BY_EGFR_IN_CANCER"	"SIGNALING_BY_LIGAND_RESPONSIVE_EGFR_VARIANTS_IN_CANCER"
"1491"	"SIGNALING_BY_EGFR_IN_CANCER"	"SIGNALING_BY_OVEREXPRESSED_WILD_TYPE_EGFR_IN_CANCER"
"1495"	"METABOLISM_OF_CARBOHYDRATES"	"FRUCTOSE_METABOLISM"
"1502"	"SIGNALING_BY_FGFR1"	"DOWNSTREAM_SIGNALING_OF_ACTIVATED_FGFR1"
"1507"	"SIGNALING_BY_FGFR2"	"DOWNSTREAM_SIGNALING_OF_ACTIVATED_FGFR2"
"1512"	"SIGNALING_BY_FGFR3"	"DOWNSTREAM_SIGNALING_OF_ACTIVATED_FGFR3"
"1515"	"SIGNALING_BY_FGFR4"	"DOWNSTREAM_SIGNALING_OF_ACTIVATED_FGFR4"
"1522"	"SIGNALING_BY_FGFR"	"SIGNALING_BY_FGFR1"
"1523"	"SIGNALING_BY_FGFR"	"SIGNALING_BY_FGFR2"
"1527"	"SIGNALING_BY_FGFR_IN_DISEASE"	"SIGNALING_BY_FGFR4_IN_DISEASE"
"1548"	"CELLULAR_RESPONSES_TO_STIMULI"	"RESPONSE_TO_METAL_IONS"
"1559"	"DISEASES_OF_METABOLISM"	"DISEASES_OF_CARBOHYDRATE_METABOLISM"
"1565"	"CYTOKINE_SIGNALING_IN_IMMUNE_SYSTEM"	"TNFR2_NON_CANONICAL_NF_KB_PATHWAY"
"1567"	"DISEASE"	"DISEASES_OF_METABOLISM"
"1570"	"MAPK1/MAPK3_SIGNALING"	"RAF/MAP_KINASE_CASCADE"
"1575"	"RAF/MAP_KINASE_CASCADE"	"NEGATIVE_REGULATION_OF_MAPK_PATHWAY"
"1576"	"RIPK1_MEDIATED_REGULATED_NECROSIS"	"REGULATION_OF_NECROPTOTIC_CELL_DEATH"
"1590"	"SIGNAL_TRANSDUCTION"	"MAPK_FAMILY_SIGNALING_CASCADES"
"1607"	"DISEASES_OF_METABOLISM"	"DISEASES_ASSOCIATED_WITH_SURFACTANT_METABOLISM"
"1612"	"POST_TRANSLATIONAL_PROTEIN_MODIFICATION"	"DEUBIQUITINATION"
"1622"	"DNA_REPAIR"	"DNA_DOUBLE_STRAND_BREAK_REPAIR"
"1623"	"HDR_THROUGH_HOMOLOGOUS_RECOMBINATION_HRR"	"RESOLUTION_OF_D_LOOP_STRUCTURES"
"1624"	"DNA_DOUBLE_STRAND_BREAK_REPAIR"	"HOMOLOGY_DIRECTED_REPAIR"
"1628"	"HOMOLOGY_DIRECTED_REPAIR"	"HDR_THROUGH_HOMOLOGOUS_RECOMBINATION_HRR_OR_SINGLE_STRAND_ANNEALING_SSA"
"1631"	"HDR_THROUGH_HOMOLOGOUS_RECOMBINATION_HRR"	"HOMOLOGOUS_DNA_PAIRING_AND_STRAND_EXCHANGE"
"1632"	"DNA_DOUBLE_STRAND_BREAK_REPAIR"	"DNA_DOUBLE_STRAND_BREAK_RESPONSE"
"1640"	"NUCLEOTIDE_EXCISION_REPAIR"	"GLOBAL_GENOME_NUCLEOTIDE_EXCISION_REPAIR_GG_NER"
"1642"	"METABOLISM_OF_PROTEINS"	"POST_TRANSLATIONAL_PROTEIN_MODIFICATION"
"1644"	"RESPIRATORY_ELECTRON_TRANSPORT,_ATP_SYNTHESIS_BY_CHEMIOSMOTIC_COUPLING,_AND_HEAT_PRODUCTION_BY_UNCOUPLING_PROTEINS."	"RESPIRATORY_ELECTRON_TRANSPORT"
"1645"	"NUCLEOTIDE_BINDING_DOMAIN,_LEUCINE_RICH_REPEAT_CONTAINING_RECEPTOR_NLR_SIGNALING_PATHWAYS"	"INFLAMMASOMES"
"1646"	"ACETYLCHOLINE_BINDING_AND_DOWNSTREAM_EVENTS"	"PRESYNAPTIC_NICOTINIC_ACETYLCHOLINE_RECEPTORS"
"1647"	"ACETYLCHOLINE_BINDING_AND_DOWNSTREAM_EVENTS"	"POSTSYNAPTIC_NICOTINIC_ACETYLCHOLINE_RECEPTORS"
"1654"	"NUCLEOTIDE_EXCISION_REPAIR"	"TRANSCRIPTION_COUPLED_NUCLEOTIDE_EXCISION_REPAIR_TC_NER"
"1657"	"TRNA_PROCESSING"	"TRNA_MODIFICATION_IN_THE_NUCLEUS_AND_CYTOSOL"
"1659"	"DNA_REPAIR"	"FANCONI_ANEMIA_PATHWAY"
"1660"	"SIGNALING_BY_INTERLEUKINS"	"INTERLEUKIN_6_FAMILY_SIGNALING"
"1673"	"TRANSCRIPTIONAL_REGULATION_BY_TP53"	"TP53_REGULATES_TRANSCRIPTION_OF_CELL_CYCLE_GENES"
"1676"	"DISEASES_OF_CARBOHYDRATE_METABOLISM"	"PENTOSE_PHOSPHATE_PATHWAY_DISEASE"
"1679"	"NEURONAL_SYSTEM"	"PROTEIN_PROTEIN_INTERACTIONS_AT_SYNAPSES"
"1687"	"ONCOGENIC_MAPK_SIGNALING"	"SIGNALING_BY_RAS_MUTANTS"
"1691"	"DISEASES_OF_SIGNAL_TRANSDUCTION_BY_GROWTH_FACTOR_RECEPTORS_AND_SECOND_MESSENGERS"	"ONCOGENIC_MAPK_SIGNALING"
"1692"	"INNATE_IMMUNE_SYSTEM"	"ANTIMICROBIAL_PEPTIDES"
"1705"	"REGULATION_OF_TP53_ACTIVITY"	"REGULATION_OF_TP53_ACTIVITY_THROUGH_ACETYLATION"
"1708"	"DEVELOPMENTAL_BIOLOGY"	"KERATINIZATION"
"1709"	"REGULATION_OF_TP53_ACTIVITY"	"REGULATION_OF_TP53_EXPRESSION_AND_DEGRADATION"
"1711"	"METABOLISM_OF_VITAMINS_AND_COFACTORS"	"METABOLISM_OF_FAT_SOLUBLE_VITAMINS"
"1712"	"SIGNALING_BY_RECEPTOR_TYROSINE_KINASES"	"SIGNALING_BY_MET"
"1714"	"SIGNALING_BY_MET"	"NEGATIVE_REGULATION_OF_MET_ACTIVITY"
"1717"	"PIP3_ACTIVATES_AKT_SIGNALING"	"PTEN_REGULATION"
"1726"	"MEMBRANE_TRAFFICKING"	"INTRA_GOLGI_AND_RETROGRADE_GOLGI_TO_ER_TRAFFIC"
"1733"	"DNA_REPLICATION_PRE_INITIATION"	"ASSEMBLY_OF_THE_PRE_REPLICATIVE_COMPLEX"
"1734"	"M_PHASE"	"MITOTIC_PROPHASE"
"1735"	"M_PHASE"	"MITOTIC_PROMETAPHASE"
"1737"	"MITOTIC_METAPHASE_AND_ANAPHASE"	"MITOTIC_ANAPHASE"
"1738"	"M_PHASE"	"MITOTIC_TELOPHASE/CYTOKINESIS"
"1745"	"DNA_REPLICATION"	"DNA_REPLICATION_PRE_INITIATION"
"1747"	"SYNTHESIS_OF_DNA"	"SWITCHING_OF_ORIGINS_TO_A_POST_REPLICATIVE_STATE"
"1752"	"LAGGING_STRAND_SYNTHESIS"	"PROCESSIVE_SYNTHESIS_ON_THE_LAGGING_STRAND"
"1754"	"SYNTHESIS_OF_DNA"	"DNA_STRAND_ELONGATION"
"1756"	"G1/S_TRANSITION"	"CYCLIN_E_ASSOCIATED_EVENTS_DURING_G1/S_TRANSITION_"
"1758"	"MITOTIC_G1_PHASE_AND_G1/S_TRANSITION"	"G1/S_TRANSITION"
"1759"	"G1_PHASE"	"CYCLIN_D_ASSOCIATED_EVENTS_IN_G1"
"1761"	"DNA_REPLICATION"	"SYNTHESIS_OF_DNA"
"1762"	"S_PHASE"	"SYNTHESIS_OF_DNA"
"1763"	"CELL_CYCLE,_MITOTIC"	"S_PHASE"
"1764"	"G2/M_TRANSITION"	"CYCLIN_A/B1/B2_ASSOCIATED_EVENTS_DURING_G2/M_TRANSITION"
"1765"	"MITOTIC_G2_G2/M_PHASES"	"G2/M_TRANSITION"
"1768"	"G2/M_CHECKPOINTS"	"G2/M_DNA_DAMAGE_CHECKPOINT"
"1770"	"CELL_CYCLE_CHECKPOINTS"	"G2/M_CHECKPOINTS"
"1771"	"P53_DEPENDENT_G1_DNA_DAMAGE_RESPONSE"	"STABILIZATION_OF_P53"
"1772"	"P53_DEPENDENT_G1_DNA_DAMAGE_RESPONSE"	"TRANSCRIPTIONAL_ACTIVATION_OF_P53_RESPONSIVE_GENES__"
"1776"	"P53_INDEPENDENT_G1/S_DNA_DAMAGE_CHECKPOINT"	"P53_INDEPENDENT_DNA_DAMAGE_RESPONSE"
"1783"	"GLUCOSE_METABOLISM"	"GLYCOLYSIS"
"1786"	"PYRUVATE_METABOLISM_AND_CITRIC_ACID_TCA_CYCLE"	"PYRUVATE_METABOLISM"
"1787"	"METABOLISM_OF_CARBOHYDRATES"	"GLUCOSE_METABOLISM"
"1799"	"METABOLISM"	"METABOLISM_OF_AMINO_ACIDS_AND_DERIVATIVES"
"1800"	"METABOLISM_OF_CARBOHYDRATES"	"PENTOSE_PHOSPHATE_PATHWAY"
"1802"	"METABOLISM"	"METABOLISM_OF_CARBOHYDRATES"
"1804"	"THE_CITRIC_ACID_TCA_CYCLE_AND_RESPIRATORY_ELECTRON_TRANSPORT"	"PYRUVATE_METABOLISM_AND_CITRIC_ACID_TCA_CYCLE"
"1809"	"PROCESSING_OF_CAPPED_INTRON_CONTAINING_PRE_MRNA"	"MRNA_SPLICING"
"1811"	"MRNA_EDITING"	"MRNA_EDITING:_C_TO_U_CONVERSION"
"1812"	"PROCESSING_OF_CAPPED_INTRON_CONTAINING_PRE_MRNA"	"TRANSPORT_OF_MATURE_TRANSCRIPT_TO_CYTOPLASM"
"1813"	"METABOLISM_OF_RNA"	"PROCESSING_OF_CAPPED_INTRON_CONTAINING_PRE_MRNA"
"1814"	"METABOLISM_OF_RNA"	"TRNA_PROCESSING"
"1816"	"TRANSLATION"	"EUKARYOTIC_TRANSLATION_INITIATION"
"1818"	"CAP_DEPENDENT_TRANSLATION_INITIATION"	"ACTIVATION_OF_THE_MRNA_UPON_BINDING_OF_THE_CAP_BINDING_COMPLEX_AND_EIFS,_AND_SUBSEQUENT_BINDING_TO_43S"
"1824"	"EUKARYOTIC_TRANSLATION_INITIATION"	"CAP_DEPENDENT_TRANSLATION_INITIATION"
"1826"	"METABOLISM_OF_PROTEINS"	"TRANSLATION"
"1838"	"RNA_POLYMERASE_I_TRANSCRIPTION"	"RNA_POLYMERASE_I_PROMOTER_CLEARANCE"
"1840"	"GENE_EXPRESSION_TRANSCRIPTION"	"RNA_POLYMERASE_II_TRANSCRIPTION"
"1842"	"GENE_EXPRESSION_TRANSCRIPTION"	"RNA_POLYMERASE_I_TRANSCRIPTION"
"1845"	"SIGNAL_TRANSDUCTION"	"DEATH_RECEPTOR_SIGNALING"
"1846"	"DNA_REPAIR"	"DNA_DAMAGE_BYPASS"
"1847"	"BASE_EXCISION_REPAIR,_AP_SITE_FORMATION"	"DEPURINATION"
"1848"	"BASE_EXCISION_REPAIR,_AP_SITE_FORMATION"	"DEPYRIMIDINATION"
"1849"	"BASE_EXCISION_REPAIR"	"BASE_EXCISION_REPAIR,_AP_SITE_FORMATION"
"1851"	"BASE_EXCISION_REPAIR"	"RESOLUTION_OF_ABASIC_SITES_AP_SITES"
"1852"	"DNA_REPAIR"	"DNA_DAMAGE_REVERSAL"
"1853"	"DNA_DAMAGE_REVERSAL"	"REVERSAL_OF_ALKYLATION_DAMAGE_BY_DNA_DIOXYGENASES"
"1855"	"GENE_EXPRESSION_TRANSCRIPTION"	"RNA_POLYMERASE_III_TRANSCRIPTION"
"1856"	"METABOLISM_OF_LIPIDS"	"KETONE_BODY_METABOLISM"
"1858"	"NUCLEOTIDE_CATABOLISM"	"PURINE_CATABOLISM"
"1861"	"SIGNALING_BY_INSULIN_RECEPTOR"	"INSULIN_RECEPTOR_SIGNALLING_CASCADE"
"1862"	"SIGNALING_BY_RECEPTOR_TYROSINE_KINASES"	"SIGNALING_BY_INSULIN_RECEPTOR"
"1865"	"MRNA_EDITING"	"MRNA_EDITING:_A_TO_I_CONVERSION"
"1866"	"METABOLISM_OF_RNA"	"PROCESSING_OF_CAPPED_INTRONLESS_PRE_MRNA"
"1870"	"FATTY_ACID_METABOLISM"	"FATTY_ACYL_COA_BIOSYNTHESIS"
"1873"	"APOPTOSIS"	"APOPTOTIC_EXECUTION_PHASE"
"1880"	"DEATH_RECEPTOR_SIGNALING"	"TNF_SIGNALING"
"1882"	"GENE_EXPRESSION_TRANSCRIPTION"	"TRANSCRIPTION_FROM_MITOCHONDRIAL_PROMOTERS"
"1884"	"RNA_POLYMERASE_II_TRANSCRIPTION"	"RNA_POLYMERASE_II_TRANSCRIPTION_ELONGATION"
"1885"	"HEMOSTASIS"	"PLATELET_ACTIVATION,_SIGNALING_AND_AGGREGATION"
"1886"	"PLATELET_ACTIVATION,_SIGNALING_AND_AGGREGATION"	"RESPONSE_TO_ELEVATED_PLATELET_CYTOSOLIC_CA2+"
"1887"	"PLATELET_ACTIVATION,_SIGNALING_AND_AGGREGATION"	"PLATELET_AGGREGATION_PLUG_FORMATION"
"1888"	"RNA_POLYMERASE_II_TRANSCRIPTION"	"RNA_POLYMERASE_II_TRANSCRIPTION_INITIATION_AND_PROMOTER_CLEARANCE"
"1889"	"RNA_POLYMERASE_III_TRANSCRIPTION"	"RNA_POLYMERASE_III_TRANSCRIPTION_INITIATION"
"1898"	"MITOCHONDRIAL_FATTY_ACID_BETA_OXIDATION"	"MITOCHONDRIAL_FATTY_ACID_BETA_OXIDATION_OF_SATURATED_FATTY_ACIDS"
"1900"	"FATTY_ACID_METABOLISM"	"MITOCHONDRIAL_FATTY_ACID_BETA_OXIDATION"
"1908"	"CHROMOSOME_MAINTENANCE"	"NUCLEOSOME_ASSEMBLY"
"1917"	"INTERFERON_SIGNALING"	"INTERFERON_GAMMA_SIGNALING"
"1922"	"G_ALPHA_Q_SIGNALLING_EVENTS"	"GASTRIN_CREB_SIGNALLING_PATHWAY_VIA_PKC_AND_MAPK"
"1926"	"SIGNALING_BY_NON_RECEPTOR_TYROSINE_KINASES"	"SIGNALING_BY_PTK6"
"1927"	"METABOLISM_OF_LIPIDS"	"WAX_AND_PLASMALOGEN_BIOSYNTHESIS"
"1942"	"POST_TRANSLATIONAL_PROTEIN_MODIFICATION"	"PROTEIN_UBIQUITINATION"
"1956"	"INTRA_GOLGI_AND_RETROGRADE_GOLGI_TO_ER_TRAFFIC"	"GOLGI_TO_ER_RETROGRADE_TRANSPORT"
"1958"	"MEMBRANE_TRAFFICKING"	"CLATHRIN_MEDIATED_ENDOCYTOSIS"
"1961"	"DEFECTIVE_INTRINSIC_PATHWAY_FOR_APOPTOSIS"	"NEURODEGENERATIVE_DISEASES"
"1962"	"SIGNALING_BY_ERBB2"	"DOWNREGULATION_OF_ERBB2_SIGNALING"
"1963"	"GENERIC_TRANSCRIPTION_PATHWAY"	"TRANSCRIPTIONAL_REGULATION_BY_THE_AP_2_TFAP2_FAMILY_OF_TRANSCRIPTION_FACTORS"
"1975"	"RRNA_PROCESSING"	"RRNA_PROCESSING_IN_THE_MITOCHONDRION"
"1976"	"RRNA_PROCESSING"	"RRNA_PROCESSING_IN_THE_NUCLEUS_AND_CYTOSOL"
"1986"	"SIGNALING_BY_MET"	"MET_PROMOTES_CELL_MOTILITY"
"1988"	"INFECTIOUS_DISEASE"	"LISTERIA_MONOCYTOGENES_ENTRY_INTO_HOST_CELLS"
"1993"	"GENERIC_TRANSCRIPTION_PATHWAY"	"TRANSCRIPTIONAL_REGULATION_BY_RUNX3"
"1994"	"GENERIC_TRANSCRIPTION_PATHWAY"	"TRANSCRIPTIONAL_REGULATION_BY_RUNX2"
"1995"	"GENERIC_TRANSCRIPTION_PATHWAY"	"TRANSCRIPTIONAL_REGULATION_BY_RUNX1"
"1997"	"NEUROTRANSMITTER_RELEASE_CYCLE"	"GABA_SYNTHESIS,_RELEASE,_REUPTAKE_AND_DEGRADATION"
"2002"	"DIGESTION_AND_ABSORPTION"	"DIGESTION"
"2006"	"SIGNALING_BY_NUCLEAR_RECEPTORS"	"ESR_MEDIATED_SIGNALING"
"2018"	"TRANSCRIPTIONAL_REGULATION_BY_RUNX2"	"RUNX2_REGULATES_BONE_DEVELOPMENT"
"2026"	"PTEN_REGULATION"	"REGULATION_OF_PTEN_MRNA_TRANSLATION"
"2032"	"TRANSPORT_OF_SMALL_MOLECULES"	"MITOCHONDRIAL_CALCIUM_ION_TRANSPORT"
"2045"	"METABOLISM_OF_NUCLEOTIDES"	"NUCLEOTIDE_CATABOLISM"
"2046"	"METABOLISM_OF_NUCLEOTIDES"	"NUCLEOTIDE_BIOSYNTHESIS"
"2047"	"METABOLISM_OF_NUCLEOTIDES"	"NUCLEOTIDE_SALVAGE"
"2049"	"METABOLISM_OF_LIPIDS"	"METABOLISM_OF_STEROIDS"
"2050"	"DIGESTION_AND_ABSORPTION"	"INTESTINAL_ABSORPTION"
"2053"	"METABOLISM_OF_AMINO_ACIDS_AND_DERIVATIVES"	"PHENYLALANINE_AND_TYROSINE_METABOLISM"
"2058"	"PLASMA_LIPOPROTEIN_ASSEMBLY,_REMODELING,_AND_CLEARANCE"	"PLASMA_LIPOPROTEIN_ASSEMBLY"
"2059"	"PLASMA_LIPOPROTEIN_ASSEMBLY,_REMODELING,_AND_CLEARANCE"	"PLASMA_LIPOPROTEIN_REMODELING"
"2065"	"PLASMA_LIPOPROTEIN_ASSEMBLY,_REMODELING,_AND_CLEARANCE"	"PLASMA_LIPOPROTEIN_CLEARANCE"
"2074"	"METABOLISM_OF_LIPIDS"	"FATTY_ACID_METABOLISM"
"2075"	"METABOLISM_OF_VITAMINS_AND_COFACTORS"	"METABOLISM_OF_COFACTORS"
"2076"	"METABOLISM_OF_LIPIDS"	"TRIGLYCERIDE_METABOLISM"
"2080"	"METABOLISM_OF_CARBOHYDRATES"	"GLYCOGEN_METABOLISM"
"2087"	"GENERIC_TRANSCRIPTION_PATHWAY"	"TRANSCRIPTIONAL_REGULATION_BY_MECP2"
"2088"	"PERVASIVE_DEVELOPMENTAL_DISORDERS"	"LOSS_OF_FUNCTION_OF_MECP2_IN_RETT_SYNDROME"
"2090"	"SIGNALING_BY_NTRKS"	"SIGNALING_BY_NTRK2_TRKB"
"2091"	"SIGNAL_TRANSDUCTION"	"SIGNALING_BY_ERYTHROPOIETIN"
"2096"	"SIGNAL_TRANSDUCTION"	"SIGNALING_BY_RECEPTOR_TYROSINE_KINASES"
"2097"	"SIGNAL_TRANSDUCTION"	"SIGNALING_BY_TGFB_FAMILY_MEMBERS"
"2098"	"MEMBRANE_TRAFFICKING"	"RAB_REGULATION_OF_TRAFFICKING"
"2101"	"ESR_MEDIATED_SIGNALING"	"EXTRA_NUCLEAR_ESTROGEN_SIGNALING"
"2103"	"N_GLYCAN_TRIMMING_IN_THE_ER_AND_CALNEXIN/CALRETICULIN_CYCLE"	"CALNEXIN/CALRETICULIN_CYCLE"
"2107"	"SIGNALING_BY_NOTCH"	"SIGNALING_BY_NOTCH3"
"2108"	"SIGNALING_BY_RHO_GTPASES"	"RHO_GTPASE_CYCLE"
"2126"	"SIGNALING_BY_NOTCH3"	"NOTCH3_ACTIVATION_AND_TRANSMISSION_OF_SIGNAL_TO_THE_NUCLEUS"
"2128"	"SIGNALING_BY_NOTCH"	"SIGNALING_BY_NOTCH4"
"2139"	"BIOSYNTHESIS_OF_SPECIALIZED_PRORESOLVING_MEDIATORS_SPMS"	"BIOSYNTHESIS_OF_DHA_DERIVED_SPMS"
"2140"	"METABOLISM_OF_LIPIDS"	"BIOSYNTHESIS_OF_SPECIALIZED_PRORESOLVING_MEDIATORS_SPMS"
"2141"	"BIOSYNTHESIS_OF_SPECIALIZED_PRORESOLVING_MEDIATORS_SPMS"	"BIOSYNTHESIS_OF_EPA_DERIVED_SPMS"
"2143"	"BIOSYNTHESIS_OF_DHA_DERIVED_SPMS"	"BIOSYNTHESIS_OF_MARESINS"
"2144"	"BIOSYNTHESIS_OF_SPECIALIZED_PRORESOLVING_MEDIATORS_SPMS"	"BIOSYNTHESIS_OF_DPA_DERIVED_SPMS"
"2148"	"INTERLEUKIN_12_FAMILY_SIGNALING"	"INTERLEUKIN_12_SIGNALING"
"2163"	"SIGNALING_BY_NUCLEAR_RECEPTORS"	"NR1H2_AND_NR1H3_MEDIATED_SIGNALING"
"2166"	"BIOSYNTHESIS_OF_DPA_DERIVED_SPMS"	"BIOSYNTHESIS_OF_DPAN_3_SPMS"
"2171"	"BIOSYNTHESIS_OF_DHA_DERIVED_SPMS"	"BIOSYNTHESIS_OF_DHA_DERIVED_SULFIDO_CONJUGATES"
"2190"	"SIGNALING_BY_NTRK2_TRKB"	"ACTIVATED_NTRK2_SIGNALS_THROUGH_FYN"
"2193"	"PROTEIN_LOCALIZATION"	"PEROXISOMAL_PROTEIN_IMPORT"
"2195"	"METABOLISM_OF_CARBOHYDRATES"	"BLOOD_GROUP_SYSTEMS_BIOSYNTHESIS"
"2198"	"SIGNALING_BY_NTRKS"	"SIGNALING_BY_NTRK3_TRKC"
"2204"	"SIGNALING_BY_NTRKS"	"EXPRESSION_AND_PROCESSING_OF_NEUROTROPHINS"
"2207"	"INTERFERON_SIGNALING"	"INTERFERON_ALPHA/BETA_SIGNALING"
"2214"	"O_LINKED_GLYCOSYLATION"	"O_LINKED_GLYCOSYLATION_OF_MUCINS"
"2217"	"TRANSPORT_OF_SMALL_MOLECULES"	"IRON_UPTAKE_AND_TRANSPORT"
"2220"	"METABOLISM_OF_RNA"	"NONSENSE_MEDIATED_DECAY_NMD"
"2232"	"MYD88_INDEPENDENT_TLR4_CASCADE_"	"TRIFTICAM1_MEDIATED_TLR4_SIGNALING_"
"2240"	"DISEASES_OF_DNA_REPAIR"	"DISEASES_OF_BASE_EXCISION_REPAIR"
"2241"	"DISEASES_OF_BASE_EXCISION_REPAIR"	"DEFECTIVE_BASE_EXCISION_REPAIR_ASSOCIATED_WITH_MUTYH"
"2242"	"CYTOKINE_SIGNALING_IN_IMMUNE_SYSTEM"	"FLT3_SIGNALING"
"2246"	"INFECTIOUS_DISEASE"	"HCMV_INFECTION"
"2252"	"GENERIC_TRANSCRIPTION_PATHWAY"	"FOXO_MEDIATED_TRANSCRIPTION"
"2259"	"DISEASES_OF_BASE_EXCISION_REPAIR"	"DEFECTIVE_BASE_EXCISION_REPAIR_ASSOCIATED_WITH_NTHL1"
"2273"	"DISEASES_OF_CELLULAR_RESPONSE_TO_STRESS"	"DISEASES_OF_CELLULAR_SENESCENCE"
"2274"	"DISEASES_OF_CELLULAR_SENESCENCE"	"EVASION_OF_ONCOGENE_INDUCED_SENESCENCE_DUE_TO_P16INK4A_DEFECTS"
"2277"	"DISEASES_OF_CELLULAR_SENESCENCE"	"EVASION_OF_OXIDATIVE_STRESS_INDUCED_SENESCENCE_DUE_TO_P16INK4A_DEFECTS"
"2287"	"GENERIC_TRANSCRIPTION_PATHWAY"	"TRANSCRIPTIONAL_REGULATION_BY_NPAS4"
"2289"	"INFECTIOUS_DISEASE"	"INFECTION_WITH_MYCOBACTERIUM_TUBERCULOSIS"
"2298"	"INFECTION_WITH_MYCOBACTERIUM_TUBERCULOSIS"	"ESCAPE_OF_MTB_FROM_THE_PHAGOCYTE"
"2299"	"RESPONSE_OF_MTB_TO_PHAGOCYTOSIS"	"SUPPRESSION_OF_PHAGOSOMAL_MATURATION"
"2300"	"INFECTION_WITH_MYCOBACTERIUM_TUBERCULOSIS"	"RESPONSE_OF_MTB_TO_PHAGOCYTOSIS"
"2308"	"DISEASE"	"DISEASES_OF_PROGRAMMED_CELL_DEATH"
"2312"	"TRANSPORT_TO_THE_GOLGI_AND_SUBSEQUENT_MODIFICATION"	"N_GLYCAN_TRIMMING_AND_ELONGATION_IN_THE_CIS_GOLGI"
"2318"	"SIGNALING_BY_RAS_MUTANTS"	"RAS_GTPASE_CYCLE_MUTANTS"
"2320"	"DISEASES_OF_HEMOSTASIS"	"DEFECTS_OF_CONTACT_ACTIVATION_SYSTEM_CAS_AND_KALLIKREIN/KININ_SYSTEM_KKS"
"2325"	"DISEASES_OF_BASE_EXCISION_REPAIR"	"DEFECTIVE_BASE_EXCISION_REPAIR_ASSOCIATED_WITH_OGG1"
"2332"	"SENSORY_PERCEPTION"	"SENSORY_PROCESSING_OF_SOUND"
"2333"	"ABERRANT_REGULATION_OF_MITOTIC_CELL_CYCLE_DUE_TO_RB1_DEFECTS"	"ABERRANT_REGULATION_OF_MITOTIC_G1/S_TRANSITION_IN_CANCER_DUE_TO_RB1_DEFECTS"
"2334"	"ONCOGENIC_MAPK_SIGNALING"	"SIGNALING_BY_MRAS_COMPLEX_MUTANTS"
"2339"	"DEFECTS_OF_CONTACT_ACTIVATION_SYSTEM_CAS_AND_KALLIKREIN/KININ_SYSTEM_KKS"	"DEFECTIVE_FACTOR_VIII_CAUSES_HEMOPHILIA_A"
"2341"	"SENSORY_PROCESSING_OF_SOUND"	"SENSORY_PROCESSING_OF_SOUND_BY_OUTER_HAIR_CELLS_OF_THE_COCHLEA"
"2343"	"LEISHMANIA_PARASITE_GROWTH_AND_SURVIVAL"	"ANTI_INFLAMMATORY_RESPONSE_FAVOURING_LEISHMANIA_PARASITE_INFECTION"
"2345"	"MACROAUTOPHAGY"	"SELECTIVE_AUTOPHAGY"
"2348"	"PARASITE_INFECTION"	"LEISHMANIA_PHAGOCYTOSIS"
"2349"	"LEISHMANIA_INFECTION"	"KILLING_MECHANISMS"
"2351"	"LEISHMANIA_INFECTION"	"CELL_RECRUITMENT_PRO_INFLAMMATORY_RESPONSE"
"2356"	"SIGNALING_BY_ERBB2_IN_CANCER"	"DRUG_RESISTANCE_IN_ERBB2_KD_MUTANTS"
"2369"	"DEFECTS_OF_CONTACT_ACTIVATION_SYSTEM_CAS_AND_KALLIKREIN/KININ_SYSTEM_KKS"	"DEFECTIVE_FACTOR_IX_CAUSES_HEMOPHILIA_B"
"2381"	"SIGNALING_BY_KIT_IN_DISEASE"	"DRUG_RESISTANCE_OF_KIT_MUTANTS"
"2382"	"DISEASES_OF_SIGNAL_TRANSDUCTION_BY_GROWTH_FACTOR_RECEPTORS_AND_SECOND_MESSENGERS"	"SIGNALING_BY_KIT_IN_DISEASE"
"2387"	"ALTERNATIVE_LENGTHENING_OF_TELOMERES_ALT"	"DEFECTIVE_INHIBITION_OF_DNA_RECOMBINATION_AT_TELOMERE"
"2388"	"DISEASES_OF_SIGNAL_TRANSDUCTION_BY_GROWTH_FACTOR_RECEPTORS_AND_SECOND_MESSENGERS"	"SIGNALING_BY_PDGFR_IN_DISEASE"
"2412"	"SIGNALING_BY_PDGFR_IN_DISEASE"	"DRUG_RESISTANCE_OF_PDGFR_MUTANTS"
"2415"	"CYTOKINE_SIGNALING_IN_IMMUNE_SYSTEM"	"SIGNALING_BY_CSF3_G_CSF"
"2416"	"DEVELOPMENTAL_BIOLOGY"	"NERVOUS_SYSTEM_DEVELOPMENT"
"2420"	"DISEASES_OF_DNA_REPAIR"	"DISEASES_OF_DNA_DOUBLE_STRAND_BREAK_REPAIR"
"2427"	"INFECTIOUS_DISEASE"	"SARS_COV_INFECTIONS"
"2429"	"SARS_COV_1_INFECTION"	"SARS_COV_1_GENOME_REPLICATION_AND_TRANSCRIPTION"
"2432"	"DISEASES_OF_SIGNAL_TRANSDUCTION_BY_GROWTH_FACTOR_RECEPTORS_AND_SECOND_MESSENGERS"	"FLT3_SIGNALING_IN_DISEASE"
"2445"	"DISEASES_OF_MITOTIC_CELL_CYCLE"	"ABERRANT_REGULATION_OF_MITOTIC_CELL_CYCLE_DUE_TO_RB1_DEFECTS"
"2449"	"SARS_COV_1_INFECTION"	"SARS_COV_1_HOST_INTERACTIONS"
"2451"	"DISEASES_OF_PROGRAMMED_CELL_DEATH"	"DEFECTIVE_RIPK1_MEDIATED_REGULATED_NECROSIS"
"2463"	"EARLY_SARS_COV_2_INFECTION_EVENTS"	"SARS_COV_2_GENOME_REPLICATION_AND_TRANSCRIPTION"
"2472"	"DISEASES_OF_SIGNAL_TRANSDUCTION_BY_GROWTH_FACTOR_RECEPTORS_AND_SECOND_MESSENGERS"	"SIGNALING_BY_ALK_IN_CANCER"
"2474"	"SIGNALING_BY_ALK_IN_CANCER"	"DRUG_RESISTANCE_OF_ALK_MUTANTS"
"2475"	"DISEASES_OF_DNA_DOUBLE_STRAND_BREAK_REPAIR"	"DEFECTIVE_HOMOLOGOUS_RECOMBINATION_REPAIR_HRR_DUE_TO_BRCA2_LOSS_OF_FUNCTION"
"2477"	"DISEASES_OF_DNA_DOUBLE_STRAND_BREAK_REPAIR"	"DEFECTIVE_HOMOLOGOUS_RECOMBINATION_REPAIR_HRR_DUE_TO_PALB2_LOSS_OF_FUNCTION"
"2479"	"FLT3_SIGNALING_IN_DISEASE"	"DRUG_RESISTANCE_OF_FLT3_MUTANTS"
"2497"	"FLT3_SIGNALING_IN_DISEASE"	"SIGNALING_BY_FLT3_ITD_AND_TKD_MUTANTS"
"2503"	"SARS_COV_2_INFECTION"	"SARS_COV_2_HOST_INTERACTIONS"
"2508"	"RHO_GTPASE_CYCLE"	"RHOBTB_GTPASE_CYCLE"
"2509"	"CELLULAR_RESPONSE_TO_CHEMICAL_STRESS"	"CYTOPROTECTION_BY_HMOX1"
"2518"	"CELLULAR_RESPONSES_TO_STRESS"	"CELLULAR_RESPONSE_TO_STARVATION"
"2519"	"CELLULAR_RESPONSES_TO_STRESS"	"CELLULAR_RESPONSE_TO_CHEMICAL_STRESS"
"2520"	"SIGNALING_BY_RHO_GTPASES,_MIRO_GTPASES_AND_RHOBTB3"	"MIRO_GTPASE_CYCLE"
"2521"	"SIGNAL_TRANSDUCTION"	"SIGNALING_BY_RHO_GTPASES,_MIRO_GTPASES_AND_RHOBTB3"
"2522"	"SENSORY_PERCEPTION"	"SENSORY_PERCEPTION_OF_TASTE"
"2532"	"DEFECTIVE_INTRINSIC_PATHWAY_FOR_APOPTOSIS"	"LOSS_OF_FUNCTION_OF_TP53_IN_CANCER"
"2533"	"SIGNALING_BY_ALK_IN_CANCER"	"SIGNALING_BY_ALK_FUSIONS_AND_ACTIVATED_POINT_MUTANTS"
"2543"	"DISEASES_OF_PROGRAMMED_CELL_DEATH"	"DEFECTIVE_INTRINSIC_PATHWAY_FOR_APOPTOSIS"
"2546"	"DISEASES_OF_NUCLEOTIDE_METABOLISM"	"NUCLEOTIDE_SALVAGE_DEFECTS"
"2550"	"DISEASES_OF_NUCLEOTIDE_METABOLISM"	"NUCLEOTIDE_CATABOLISM_DEFECTS"
"2558"	"MYD88_DEPENDENT_CASCADE_INITIATED_ON_ENDOSOME"	"TRAF6_MEDIATED_INDUCTION_OF_NFKB_AND_MAP_KINASES_UPON_TLR7/8_OR_9_ACTIVATION"
"2560"	"TOLL_LIKE_RECEPTOR_7/8_TLR7/8_CASCADE"	"MYD88_DEPENDENT_CASCADE_INITIATED_ON_ENDOSOME"
"2561"	"TOLL_LIKE_RECEPTOR_9_TLR9_CASCADE"	"MYD88_DEPENDENT_CASCADE_INITIATED_ON_ENDOSOME"
"2573"	"CELLULAR_RESPONSE_TO_CHEMICAL_STRESS"	"KEAP1_NFE2L2_PATHWAY"
"2575"	"TRANSPORT_TO_THE_GOLGI_AND_SUBSEQUENT_MODIFICATION"	"N_GLYCAN_ANTENNAE_ELONGATION_IN_THE_MEDIAL/TRANS_GOLGI"
"2589"	"DEVELOPMENTAL_BIOLOGY"	"GASTRULATION"
"2590"	"KEAP1_NFE2L2_PATHWAY"	"NUCLEAR_EVENTS_MEDIATED_BY_NFE2L2"
"2595"	"DISEASES_OF_MITOCHONDRIAL_BETA_OXIDATION"	"DISEASES_OF_PROPIONYL_COA_CATABOLISM"
"2598"	"TRANSCRIPTIONAL_REGULATION_BY_NPAS4"	"REGULATION_OF_NPAS4_GENE_EXPRESSION"
"2605"	"SARS_COV_2_INFECTION"	"LATE_SARS_COV_2_INFECTION_EVENTS"
"2620"	"ADAPTIVE_IMMUNE_SYSTEM"	"CLASS_I_MHC_MEDIATED_ANTIGEN_PROCESSING_PRESENTATION"
"2623"	"HEMOSTASIS"	"FACTORS_INVOLVED_IN_MEGAKARYOCYTE_DEVELOPMENT_AND_PLATELET_PRODUCTION"
"2625"	"ADAPTIVE_IMMUNE_SYSTEM"	"SIGNALING_BY_THE_B_CELL_RECEPTOR_BCR_"
"2626"	"TRANSPORT_OF_SMALL_MOLECULES"	"ION_CHANNEL_TRANSPORT"
"2627"	"GABA_B_RECEPTOR_ACTIVATION"	"ACTIVATION_OF_GABAB_RECEPTORS"
